"Reference Area","Time Period","Sex","Age group","Units of measurement","Observation Value"
"Albania","2013","All genders","Not applicable","Percent","0"
"Algeria","2014","All genders","Not applicable","Percent","0"
"American Samoa","2006","All genders","Not applicable","Percent","0"
"Andorra","2014","All genders","Not applicable","Percent","0"
"Andorra","2011","All genders","Not applicable","Percent","1.04338"
"Andorra","2010","All genders","Not applicable","Percent","1.05443"
"Andorra","2009","All genders","Not applicable","Percent","0.88171"
"Andorra","2006","All genders","Not applicable","Percent","1.59068"
"Andorra","2005","All genders","Not applicable","Percent","7.60287"
"Andorra","2004","All genders","Not applicable","Percent","6.61946"
"Angola","2010","All genders","Not applicable","Percent","0"
"Angola","2006","All genders","Not applicable","Percent","0"
"Anguilla","2005","All genders","Not applicable","Percent","0"
"Anguilla","2003","All genders","Not applicable","Percent","8.31625"
"Anguilla","1998","All genders","Not applicable","Percent","0"
"Antigua and Barbuda","2009","All genders","Not applicable","Percent","2.82397"
"Antigua and Barbuda","2002","All genders","Not applicable","Percent","11.41039"
"Argentina","2013","All genders","Not applicable","Percent","0"
"Argentina","2012","All genders","Not applicable","Percent","0"
"Argentina","2011","All genders","Not applicable","Percent","0"
"Argentina","2010","All genders","Not applicable","Percent","0"
"Argentina","2009","All genders","Not applicable","Percent","0"
"Argentina","2008","All genders","Not applicable","Percent","0"
"Argentina","2007","All genders","Not applicable","Percent","0"
"Argentina","2006","All genders","Not applicable","Percent","0"
"Argentina","2005","All genders","Not applicable","Percent","0"
"Argentina","2004","All genders","Not applicable","Percent","0"
"Argentina","2003","All genders","Not applicable","Percent","0"
"Argentina","2002","All genders","Not applicable","Percent","0"
"Argentina","2001","All genders","Not applicable","Percent","0"
"Argentina","2000","All genders","Not applicable","Percent","0"
"Armenia","2014","All genders","Not applicable","Percent","0"
"Armenia","2013","All genders","Not applicable","Percent","0"
"Armenia","2012","All genders","Not applicable","Percent","0"
"Armenia","2011","All genders","Not applicable","Percent","0"
"Armenia","2010","All genders","Not applicable","Percent","0"
"Armenia","2009","All genders","Not applicable","Percent","0"
"Armenia","2008","All genders","Not applicable","Percent","0"
"Aruba","2011","All genders","Not applicable","Percent","0"
"Aruba","2010","All genders","Not applicable","Percent","0"
"Aruba","2009","All genders","Not applicable","Percent","0"
"Aruba","2008","All genders","Not applicable","Percent","0"
"Aruba","2007","All genders","Not applicable","Percent","0"
"Aruba","2005","All genders","Not applicable","Percent","0"
"Aruba","2004","All genders","Not applicable","Percent","0"
"Aruba","2002","All genders","Not applicable","Percent","0"
"Aruba","2001","All genders","Not applicable","Percent","0"
"Australia","2013","All genders","Not applicable","Percent","1.79576"
"Australia","2012","All genders","Not applicable","Percent","2.00178"
"Australia","2011","All genders","Not applicable","Percent","2.09917"
"Australia","2010","All genders","Not applicable","Percent","1.99225"
"Australia","2009","All genders","Not applicable","Percent","1.91659"
"Australia","2008","All genders","Not applicable","Percent","1.61725"
"Australia","2007","All genders","Not applicable","Percent","1.65802"
"Australia","2006","All genders","Not applicable","Percent","1.64003"
"Australia","2005","All genders","Not applicable","Percent","1.68921"
"Australia","2000","All genders","Not applicable","Percent","1.51766"
"Austria","2013","All genders","Not applicable","Percent","0.33262"
"Austria","2012","All genders","Not applicable","Percent","0.48766"
"Austria","2011","All genders","Not applicable","Percent","0.46902"
"Austria","2010","All genders","Not applicable","Percent","0.48693"
"Austria","2009","All genders","Not applicable","Percent","0.47304"
"Austria","2008","All genders","Not applicable","Percent","0.35031"
"Austria","2007","All genders","Not applicable","Percent","0.35438"
"Austria","2006","All genders","Not applicable","Percent","0.33809"
"Austria","2005","All genders","Not applicable","Percent","0.36212"
"Austria","2004","All genders","Not applicable","Percent","0.35112"
"Austria","2003","All genders","Not applicable","Percent","0.28102"
"Austria","2002","All genders","Not applicable","Percent","0.758"
"Austria","2001","All genders","Not applicable","Percent","0.81026"
"Austria","1999","All genders","Not applicable","Percent","0.72615"
"Austria","1998","All genders","Not applicable","Percent","0.90438"
"Azerbaijan","2008","All genders","Not applicable","Percent","0"
"Azerbaijan","2007","All genders","Not applicable","Percent","5.40702"
"Azerbaijan","2006","All genders","Not applicable","Percent","4.75623"
"Azerbaijan","2005","All genders","Not applicable","Percent","4.63585"
"Azerbaijan","2004","All genders","Not applicable","Percent","4.45268"
"Azerbaijan","2003","All genders","Not applicable","Percent","4.53814"
"Azerbaijan","2002","All genders","Not applicable","Percent","2.58531"
"Azerbaijan","2001","All genders","Not applicable","Percent","2.33974"
"Azerbaijan","2000","All genders","Not applicable","Percent","2.24446"
"Bangladesh","2009","All genders","Not applicable","Percent","0.9397"
"Bangladesh","2008","All genders","Not applicable","Percent","1.16658"
"Bangladesh","2007","All genders","Not applicable","Percent","0.94298"
"Bangladesh","2006","All genders","Not applicable","Percent","1.09696"
"Bangladesh","2004","All genders","Not applicable","Percent","0"
"Bangladesh","2003","All genders","Not applicable","Percent","0"
"Bangladesh","2002","All genders","Not applicable","Percent","0"
"Bangladesh","2001","All genders","Not applicable","Percent","0.21669"
"Bangladesh","2000","All genders","Not applicable","Percent","0.17195"
"Bangladesh","1999","All genders","Not applicable","Percent","0.18505"
"Barbados","2012","All genders","Not applicable","Percent","2.82688"
"Barbados","2010","All genders","Not applicable","Percent","3.39532"
"Barbados","2009","All genders","Not applicable","Percent","2.77208"
"Barbados","2008","All genders","Not applicable","Percent","2.19462"
"Barbados","2007","All genders","Not applicable","Percent","2.25462"
"Barbados","2005","All genders","Not applicable","Percent","2.52873"
"Barbados","2004","All genders","Not applicable","Percent","2.71881"
"Barbados","2003","All genders","Not applicable","Percent","2.62393"
"Barbados","2002","All genders","Not applicable","Percent","2.65243"
"Barbados","2001","All genders","Not applicable","Percent","2.48177"
"Barbados","2000","All genders","Not applicable","Percent","2.85097"
"Barbados","1999","All genders","Not applicable","Percent","7.10399"
"Belarus","2014","All genders","Not applicable","Percent","5.13176"
"Belarus","2013","All genders","Not applicable","Percent","5.47001"
"Belarus","2012","All genders","Not applicable","Percent","6.03988"
"Belarus","2011","All genders","Not applicable","Percent","6.28263"
"Belarus","2010","All genders","Not applicable","Percent","6.53498"
"Belarus","2009","All genders","Not applicable","Percent","7.18399"
"Belarus","2007","All genders","Not applicable","Percent","7.03705"
"Belarus","2006","All genders","Not applicable","Percent","7.6832"
"Belarus","2005","All genders","Not applicable","Percent","7.85241"
"Belarus","2004","All genders","Not applicable","Percent","8.10144"
"Belize","2013","All genders","Not applicable","Percent","0"
"Belize","2012","All genders","Not applicable","Percent","0"
"Belize","2004","All genders","Not applicable","Percent","4.16357"
"Belize","2000","All genders","Not applicable","Percent","1.14719"
"Benin","2014","All genders","Not applicable","Percent","0.22891"
"Benin","2013","All genders","Not applicable","Percent","0"
"Benin","2012","All genders","Not applicable","Percent","0"
"Benin","2010","All genders","Not applicable","Percent","0.85493"
"Benin","2009","All genders","Not applicable","Percent","0.45992"
"Benin","2008","All genders","Not applicable","Percent","0.47415"
"Benin","2007","All genders","Not applicable","Percent","0.46076"
"Benin","2006","All genders","Not applicable","Percent","0"
"Bermuda","2014","All genders","Not applicable","Percent","0"
"Bermuda","2010","All genders","Not applicable","Percent","1.40143"
"Bermuda","2005","All genders","Not applicable","Percent","0"
"Bermuda","2004","All genders","Not applicable","Percent","0"
"Bermuda","2003","All genders","Not applicable","Percent","0"
"Bermuda","1998","All genders","Not applicable","Percent","0"
"Bhutan","2011","All genders","Not applicable","Percent","0.88099"
"Bhutan","2010","All genders","Not applicable","Percent","1.10838"
"Bhutan","2009","All genders","Not applicable","Percent","0.94871"
"Bolivia","2014","All genders","Not applicable","Percent","0"
"Bolivia","2013","All genders","Not applicable","Percent","0"
"Bolivia","2012","All genders","Not applicable","Percent","0"
"Bolivia","2011","All genders","Not applicable","Percent","0"
"Bolivia","2010","All genders","Not applicable","Percent","0"
"Bolivia","2009","All genders","Not applicable","Percent","0"
"Bolivia","2008","All genders","Not applicable","Percent","0"
"Bolivia","2003","All genders","Not applicable","Percent","0"
"Bolivia","2002","All genders","Not applicable","Percent","0"
"Bolivia","2001","All genders","Not applicable","Percent","0"
"Bolivia","2000","All genders","Not applicable","Percent","0"
"Bolivia","1999","All genders","Not applicable","Percent","0"
"Bolivia","1998","All genders","Not applicable","Percent","0"
"Botswana","2009","All genders","Not applicable","Percent","3.68496"
"Botswana","2007","All genders","Not applicable","Percent","0"
"Botswana","2005","All genders","Not applicable","Percent","0"
"Brazil","2012","All genders","Not applicable","Percent","0"
"Brazil","2011","All genders","Not applicable","Percent","0"
"Brazil","2010","All genders","Not applicable","Percent","0"
"Brazil","2009","All genders","Not applicable","Percent","0"
"Brazil","2008","All genders","Not applicable","Percent","0"
"Brazil","2007","All genders","Not applicable","Percent","0"
"Brazil","2006","All genders","Not applicable","Percent","0"
"Brazil","2005","All genders","Not applicable","Percent","0"
"Brazil","2004","All genders","Not applicable","Percent","0"
"Brazil","2001","All genders","Not applicable","Percent","0"
"Brazil","2000","All genders","Not applicable","Percent","0"
"Brazil","1999","All genders","Not applicable","Percent","0"
"British Virgin Islands","2007","All genders","Not applicable","Percent","0.69169"
"British Virgin Islands","2006","All genders","Not applicable","Percent","0.57698"
"British Virgin Islands","2005","All genders","Not applicable","Percent","0.83348"
"British Virgin Islands","2001","All genders","Not applicable","Percent","0"
"Brunei Darussalam","2014","All genders","Not applicable","Percent","0"
"Brunei Darussalam","2010","All genders","Not applicable","Percent","0.29927"
"Bulgaria","2012","All genders","Not applicable","Percent","0.08834"
"Bulgaria","2011","All genders","Not applicable","Percent","0.18461"
"Bulgaria","2010","All genders","Not applicable","Percent","0.09994"
"Bulgaria","2009","All genders","Not applicable","Percent","0.14176"
"Bulgaria","2008","All genders","Not applicable","Percent","0.11335"
"Bulgaria","2007","All genders","Not applicable","Percent","0.08623"
"Bulgaria","2006","All genders","Not applicable","Percent","0.05772"
"Bulgaria","2005","All genders","Not applicable","Percent","0.056"
"Bulgaria","2004","All genders","Not applicable","Percent","0.43514"
"Bulgaria","2003","All genders","Not applicable","Percent","0.12602"
"Bulgaria","2002","All genders","Not applicable","Percent","0.32412"
"Bulgaria","2001","All genders","Not applicable","Percent","0.21158"
"Bulgaria","1998","All genders","Not applicable","Percent","0"
"Burkina Faso","2014","All genders","Not applicable","Percent","5.88564"
"Burkina Faso","2013","All genders","Not applicable","Percent","3.83111"
"Burkina Faso","2012","All genders","Not applicable","Percent","4.15172"
"Burkina Faso","2011","All genders","Not applicable","Percent","3.33532"
"Burkina Faso","2010","All genders","Not applicable","Percent","3.30404"
"Burkina Faso","2006","All genders","Not applicable","Percent","9.02325"
"Burkina Faso","2005","All genders","Not applicable","Percent","7.60554"
"Burundi","2013","All genders","Not applicable","Percent","0"
"Burundi","2012","All genders","Not applicable","Percent","0.01024"
"Burundi","2011","All genders","Not applicable","Percent","0"
"Burundi","2010","All genders","Not applicable","Percent","0"
"Burundi","2009","All genders","Not applicable","Percent","0"
"Burundi","2008","All genders","Not applicable","Percent","0"
"Burundi","2005","All genders","Not applicable","Percent","0"
"Burundi","2002","All genders","Not applicable","Percent","0"
"Burundi","2001","All genders","Not applicable","Percent","0"
"Burundi","1999","All genders","Not applicable","Percent","0"
"Cambodia","2001","All genders","Not applicable","Percent","8.75958"
"Cambodia","2000","All genders","Not applicable","Percent","6.92648"
"Cambodia","1998","All genders","Not applicable","Percent","1.36737"
"Cameroon","2007","All genders","Not applicable","Percent","0"
"Cameroon","2006","All genders","Not applicable","Percent","0"
"Cameroon","2005","All genders","Not applicable","Percent","0.07562"
"Cameroon","2004","All genders","Not applicable","Percent","0"
"Canada","1998","All genders","Not applicable","Percent","2.67091"
"Cape Verde","2013","All genders","Not applicable","Percent","0"
"Cape Verde","2011","All genders","Not applicable","Percent","0"
"Cape Verde","2009","All genders","Not applicable","Percent","1.40643"
"Cape Verde","2008","All genders","Not applicable","Percent","1.37781"
"Cape Verde","2007","All genders","Not applicable","Percent","1.25377"
"Cape Verde","2006","All genders","Not applicable","Percent","1.43779"
"Cape Verde","2002","All genders","Not applicable","Percent","1.25748"
"Cayman Islands","2005","All genders","Not applicable","Percent","0"
"Central African Republic","2011","All genders","Not applicable","Percent","0"
"Central African Republic","2010","All genders","Not applicable","Percent","0"
"Central African Republic","2009","All genders","Not applicable","Percent","0"
"Central African Republic","2008","All genders","Not applicable","Percent","0"
"Central African Republic","2007","All genders","Not applicable","Percent","0"
"Central African Republic","2006","All genders","Not applicable","Percent","0"
"Chad","2013","All genders","Not applicable","Percent","0"
"Chad","2011","All genders","Not applicable","Percent","0"
"Chad","2010","All genders","Not applicable","Percent","0"
"Chad","2009","All genders","Not applicable","Percent","0"
"Chad","2005","All genders","Not applicable","Percent","0"
"Chad","2004","All genders","Not applicable","Percent","0"
"Chile","2013","All genders","Not applicable","Percent","0"
"Chile","2012","All genders","Not applicable","Percent","0"
"Chile","2011","All genders","Not applicable","Percent","0"
"Chile","2010","All genders","Not applicable","Percent","0"
"Chile","2009","All genders","Not applicable","Percent","0"
"Chile","2008","All genders","Not applicable","Percent","0"
"Chile","2007","All genders","Not applicable","Percent","0"
"Chile","2006","All genders","Not applicable","Percent","0"
"Chile","2005","All genders","Not applicable","Percent","0"
"Chile","2004","All genders","Not applicable","Percent","0"
"Chile","2003","All genders","Not applicable","Percent","0"
"Chile","2002","All genders","Not applicable","Percent","0"
"Chile","2000","All genders","Not applicable","Percent","0"
"China","1999","All genders","Not applicable","Percent","0"
"Colombia","2013","All genders","Not applicable","Percent","0"
"Colombia","2012","All genders","Not applicable","Percent","0"
"Colombia","2011","All genders","Not applicable","Percent","0"
"Colombia","2010","All genders","Not applicable","Percent","0"
"Colombia","2009","All genders","Not applicable","Percent","0"
"Colombia","2008","All genders","Not applicable","Percent","0"
"Colombia","2007","All genders","Not applicable","Percent","0"
"Colombia","2006","All genders","Not applicable","Percent","0"
"Colombia","2005","All genders","Not applicable","Percent","0"
"Colombia","2004","All genders","Not applicable","Percent","0"
"Comoros","2012","All genders","Not applicable","Percent","0"
"Comoros","2011","All genders","Not applicable","Percent","0"
"Congo","2005","All genders","Not applicable","Percent","2.72458"
"Cook Islands","2014","All genders","Not applicable","Percent","0"
"Cook Islands","2013","All genders","Not applicable","Percent","0"
"Cook Islands","2012","All genders","Not applicable","Percent","0"
"Cook Islands","2000","All genders","Not applicable","Percent","5.88579"
"Cook Islands","1999","All genders","Not applicable","Percent","0"
"Costa Rica","2014","All genders","Not applicable","Percent","0"
"Costa Rica","2013","All genders","Not applicable","Percent","0"
"Costa Rica","2012","All genders","Not applicable","Percent","0"
"Costa Rica","2011","All genders","Not applicable","Percent","0"
"Costa Rica","2010","All genders","Not applicable","Percent","0"
"Costa Rica","2009","All genders","Not applicable","Percent","0"
"Costa Rica","2008","All genders","Not applicable","Percent","0"
"Costa Rica","2007","All genders","Not applicable","Percent","0"
"Costa Rica","2006","All genders","Not applicable","Percent","0"
"Costa Rica","2004","All genders","Not applicable","Percent","0"
"Costa Rica","2002","All genders","Not applicable","Percent","0"
"Costa Rica","2001","All genders","Not applicable","Percent","0"
"Costa Rica","2000","All genders","Not applicable","Percent","0.78199"
"Costa Rica","1999","All genders","Not applicable","Percent","0.66459"
"Côte d'Ivoire","2007","All genders","Not applicable","Percent","7.39796"
"Côte d'Ivoire","2006","All genders","Not applicable","Percent","6.37119"
"Côte d'Ivoire","2005","All genders","Not applicable","Percent","5.96591"
"Côte d'Ivoire","2004","All genders","Not applicable","Percent","3.85757"
"Côte d'Ivoire","2003","All genders","Not applicable","Percent","5.07463"
"Côte d'Ivoire","2002","All genders","Not applicable","Percent","4.81928"
"Côte d'Ivoire","2001","All genders","Not applicable","Percent","3.5"
"Côte d'Ivoire","2000","All genders","Not applicable","Percent","3.5"
"Côte d'Ivoire","1998","All genders","Not applicable","Percent","0"
"Croatia","2011","All genders","Not applicable","Percent","0"
"Croatia","2010","All genders","Not applicable","Percent","0"
"Croatia","2009","All genders","Not applicable","Percent","0"
"Croatia","2008","All genders","Not applicable","Percent","0"
"Croatia","2007","All genders","Not applicable","Percent","0"
"Croatia","2004","All genders","Not applicable","Percent","0"
"Croatia","2003","All genders","Not applicable","Percent","0"
"Croatia","2002","All genders","Not applicable","Percent","0"
"Cuba","2010","All genders","Not applicable","Percent","0.17627"
"Cuba","2009","All genders","Not applicable","Percent","0.24539"
"Cuba","2008","All genders","Not applicable","Percent","0.23797"
"Cuba","2007","All genders","Not applicable","Percent","0.54238"
"Cuba","2006","All genders","Not applicable","Percent","1.08271"
"Cuba","2005","All genders","Not applicable","Percent","1.61182"
"Cuba","2004","All genders","Not applicable","Percent","2.71616"
"Cuba","2002","All genders","Not applicable","Percent","2.34003"
"Cuba","2001","All genders","Not applicable","Percent","0.32269"
"Cuba","2000","All genders","Not applicable","Percent","0.30229"
"Cyprus","2011","All genders","Not applicable","Percent","0"
"Cyprus","2010","All genders","Not applicable","Percent","0"
"Cyprus","2009","All genders","Not applicable","Percent","0"
"Cyprus","2008","All genders","Not applicable","Percent","0"
"Cyprus","2007","All genders","Not applicable","Percent","0"
"Cyprus","2006","All genders","Not applicable","Percent","0"
"Cyprus","2005","All genders","Not applicable","Percent","0"
"Cyprus","2004","All genders","Not applicable","Percent","0"
"Cyprus","2003","All genders","Not applicable","Percent","0"
"Cyprus","2002","All genders","Not applicable","Percent","0"
"Cyprus","2001","All genders","Not applicable","Percent","0"
"Cyprus","1999","All genders","Not applicable","Percent","0"
"Czech Republic","2012","All genders","Not applicable","Percent","0.15075"
"Czech Republic","2011","All genders","Not applicable","Percent","0.73514"
"Czech Republic","2010","All genders","Not applicable","Percent","0.75933"
"Czech Republic","2009","All genders","Not applicable","Percent","0.75381"
"Czech Republic","2008","All genders","Not applicable","Percent","0.78013"
"Czech Republic","2007","All genders","Not applicable","Percent","0.88195"
"Czech Republic","2006","All genders","Not applicable","Percent","0.94693"
"Czech Republic","2005","All genders","Not applicable","Percent","1.16341"
"Czech Republic","2004","All genders","Not applicable","Percent","1.16877"
"Czech Republic","2003","All genders","Not applicable","Percent","1.12529"
"Czech Republic","2002","All genders","Not applicable","Percent","0.82097"
"Czech Republic","2001","All genders","Not applicable","Percent","0.59335"
"Czech Republic","2000","All genders","Not applicable","Percent","0.46988"
"Czech Republic","1999","All genders","Not applicable","Percent","0.6927"
"Democratic Republic of the Congo","2013","All genders","Not applicable","Percent","0"
"Democratic Republic of the Congo","2010","All genders","Not applicable","Percent","0"
"Denmark","2011","All genders","Not applicable","Percent","0"
"Denmark","2010","All genders","Not applicable","Percent","0"
"Denmark","2009","All genders","Not applicable","Percent","0"
"Denmark","2008","All genders","Not applicable","Percent","0"
"Denmark","2007","All genders","Not applicable","Percent","0"
"Denmark","2005","All genders","Not applicable","Percent","0"
"Denmark","2004","All genders","Not applicable","Percent","0"
"Denmark","2003","All genders","Not applicable","Percent","0"
"Denmark","2002","All genders","Not applicable","Percent","0"
"Denmark","1998","All genders","Not applicable","Percent","0.47065"
"Djibouti","2015","All genders","Not applicable","Percent","0"
"Djibouti","2010","All genders","Not applicable","Percent","0"
"Dominica","1998","All genders","Not applicable","Percent","8.34325"
"Dominican Republic","2014","All genders","Not applicable","Percent","0"
"Dominican Republic","2013","All genders","Not applicable","Percent","0"
"Dominican Republic","2012","All genders","Not applicable","Percent","0"
"Dominican Republic","2011","All genders","Not applicable","Percent","0"
"Dominican Republic","2010","All genders","Not applicable","Percent","0"
"Dominican Republic","2009","All genders","Not applicable","Percent","0"
"Dominican Republic","2008","All genders","Not applicable","Percent","0"
"Dominican Republic","2007","All genders","Not applicable","Percent","0"
"Ecuador","2013","All genders","Not applicable","Percent","0"
"Ecuador","2012","All genders","Not applicable","Percent","0.09811"
"Ecuador","2011","All genders","Not applicable","Percent","0.19816"
"Ecuador","2010","All genders","Not applicable","Percent","0.35752"
"El Salvador","2012","All genders","Not applicable","Percent","0"
"El Salvador","2011","All genders","Not applicable","Percent","0"
"El Salvador","2010","All genders","Not applicable","Percent","0"
"El Salvador","2009","All genders","Not applicable","Percent","0"
"El Salvador","2008","All genders","Not applicable","Percent","0"
"El Salvador","2007","All genders","Not applicable","Percent","0"
"El Salvador","2006","All genders","Not applicable","Percent","0"
"El Salvador","2005","All genders","Not applicable","Percent","0"
"El Salvador","2003","All genders","Not applicable","Percent","0"
"El Salvador","2002","All genders","Not applicable","Percent","0"
"El Salvador","1998","All genders","Not applicable","Percent","0.16657"
"Eritrea","2004","All genders","Not applicable","Percent","3.79784"
"Estonia","2012","All genders","Not applicable","Percent","4.30635"
"Estonia","2011","All genders","Not applicable","Percent","4.31899"
"Estonia","2010","All genders","Not applicable","Percent","4.12902"
"Estonia","2009","All genders","Not applicable","Percent","3.72921"
"Estonia","2008","All genders","Not applicable","Percent","3.52806"
"Estonia","2007","All genders","Not applicable","Percent","4.04171"
"Estonia","2005","All genders","Not applicable","Percent","3.78964"
"Estonia","2004","All genders","Not applicable","Percent","3.71357"
"Estonia","2003","All genders","Not applicable","Percent","3.98345"
"Estonia","2002","All genders","Not applicable","Percent","3.8918"
"Estonia","1998","All genders","Not applicable","Percent","1.35927"
"Ethiopia","2013","All genders","Not applicable","Percent","2.14514"
"Ethiopia","2012","All genders","Not applicable","Percent","2.35762"
"Ethiopia","2011","All genders","Not applicable","Percent","2.58038"
"Ethiopia","2010","All genders","Not applicable","Percent","2.31304"
"Ethiopia","2009","All genders","Not applicable","Percent","2.03352"
"Fiji","2011","All genders","Not applicable","Percent","26.50044"
"Fiji","2004","All genders","Not applicable","Percent","0.29413"
"Finland","2011","All genders","Not applicable","Percent","0"
"Finland","2010","All genders","Not applicable","Percent","0"
"Finland","2009","All genders","Not applicable","Percent","0"
"Finland","2008","All genders","Not applicable","Percent","0"
"Finland","2007","All genders","Not applicable","Percent","0"
"Finland","2006","All genders","Not applicable","Percent","0"
"Finland","2005","All genders","Not applicable","Percent","0"
"Finland","2004","All genders","Not applicable","Percent","0"
"Finland","2002","All genders","Not applicable","Percent","0"
"Finland","2001","All genders","Not applicable","Percent","0"
"Finland","2000","All genders","Not applicable","Percent","0"
"Finland","1999","All genders","Not applicable","Percent","0"
"France","2012","All genders","Not applicable","Percent","0.39723"
"France","2011","All genders","Not applicable","Percent","0.4066"
"France","2010","All genders","Not applicable","Percent","0.38824"
"France","2009","All genders","Not applicable","Percent","0.40893"
"France","2008","All genders","Not applicable","Percent","0.38349"
"France","2007","All genders","Not applicable","Percent","0.34153"
"France","2006","All genders","Not applicable","Percent","0.20291"
"France","2005","All genders","Not applicable","Percent","0.20316"
"France","2004","All genders","Not applicable","Percent","0.18294"
"France","2003","All genders","Not applicable","Percent","0.17234"
"France","2002","All genders","Not applicable","Percent","0.10763"
"France","2001","All genders","Not applicable","Percent","0.10775"
"France","1999","All genders","Not applicable","Percent","0.11357"
"Gabon","1998","All genders","Not applicable","Percent","0"
"Gambia","2013","All genders","Not applicable","Percent","0"
"Georgia","2012","All genders","Not applicable","Percent","0"
"Georgia","2011","All genders","Not applicable","Percent","4.31009"
"Germany","2012","All genders","Not applicable","Percent","3.57404"
"Germany","2011","All genders","Not applicable","Percent","3.04128"
"Germany","2010","All genders","Not applicable","Percent","3.03942"
"Germany","2009","All genders","Not applicable","Percent","2.98759"
"Germany","2008","All genders","Not applicable","Percent","2.92822"
"Germany","2007","All genders","Not applicable","Percent","2.94645"
"Germany","2006","All genders","Not applicable","Percent","2.43567"
"Ghana","2013","All genders","Not applicable","Percent","0"
"Ghana","2012","All genders","Not applicable","Percent","0"
"Ghana","2011","All genders","Not applicable","Percent","0"
"Ghana","2010","All genders","Not applicable","Percent","0"
"Ghana","2009","All genders","Not applicable","Percent","0"
"Ghana","2008","All genders","Not applicable","Percent","0"
"Ghana","2007","All genders","Not applicable","Percent","0"
"Ghana","2006","All genders","Not applicable","Percent","0"
"Ghana","2005","All genders","Not applicable","Percent","0"
"Ghana","2004","All genders","Not applicable","Percent","0"
"Ghana","2001","All genders","Not applicable","Percent","4.69145"
"Greece","2005","All genders","Not applicable","Percent","1.10033"
"Greece","2004","All genders","Not applicable","Percent","1.1834"
"Greece","2002","All genders","Not applicable","Percent","0.69839"
"Greece","2001","All genders","Not applicable","Percent","0.52737"
"Grenada","2003","All genders","Not applicable","Percent","4.13893"
"Guatemala","2014","All genders","Not applicable","Percent","0"
"Guatemala","2013","All genders","Not applicable","Percent","0.07475"
"Guatemala","2012","All genders","Not applicable","Percent","0"
"Guatemala","2011","All genders","Not applicable","Percent","0"
"Guatemala","2010","All genders","Not applicable","Percent","0"
"Guatemala","2008","All genders","Not applicable","Percent","0"
"Guatemala","2007","All genders","Not applicable","Percent","0"
"Guatemala","2006","All genders","Not applicable","Percent","0"
"Guatemala","2005","All genders","Not applicable","Percent","0"
"Guinea","2013","All genders","Not applicable","Percent","0"
"Guinea","2012","All genders","Not applicable","Percent","0"
"Guinea","2011","All genders","Not applicable","Percent","0"
"Guinea","2010","All genders","Not applicable","Percent","0"
"Guinea","2009","All genders","Not applicable","Percent","0"
"Guinea-Bissau","2013","All genders","Not applicable","Percent","0.94654"
"Guinea-Bissau","2012","All genders","Not applicable","Percent","1.06099"
"Guinea-Bissau","2011","All genders","Not applicable","Percent","1.15217"
"Guinea-Bissau","2010","All genders","Not applicable","Percent","1.25838"
"Guyana","2012","All genders","Not applicable","Percent","2.57155"
"Guyana","2011","All genders","Not applicable","Percent","2.28964"
"Guyana","2010","All genders","Not applicable","Percent","2.23704"
"Guyana","2009","All genders","Not applicable","Percent","2.24561"
"Guyana","2007","All genders","Not applicable","Percent","4.98222"
"Guyana","2006","All genders","Not applicable","Percent","1.69871"
"Guyana","2004","All genders","Not applicable","Percent","1.89895"
"Holy See","2015","All genders","Not applicable","Percent","0"
"Holy See","2014","All genders","Not applicable","Percent","0"
"Holy See","2013","All genders","Not applicable","Percent","0"
"Holy See","2012","All genders","Not applicable","Percent","0"
"Holy See","2011","All genders","Not applicable","Percent","0"
"Holy See","2010","All genders","Not applicable","Percent","0"
"Holy See","2009","All genders","Not applicable","Percent","0"
"Holy See","2008","All genders","Not applicable","Percent","0"
"Holy See","2007","All genders","Not applicable","Percent","0"
"Holy See","2006","All genders","Not applicable","Percent","0"
"Holy See","2005","All genders","Not applicable","Percent","0"
"Holy See","2004","All genders","Not applicable","Percent","0"
"Holy See","2003","All genders","Not applicable","Percent","0"
"Holy See","2002","All genders","Not applicable","Percent","0"
"Holy See","2001","All genders","Not applicable","Percent","0"
"Holy See","2000","All genders","Not applicable","Percent","0"
"Holy See","1999","All genders","Not applicable","Percent","0"
"Holy See","1998","All genders","Not applicable","Percent","0"
"Holy See","1997","All genders","Not applicable","Percent","0"
"Holy See","1996","All genders","Not applicable","Percent","0"
"Holy See","1995","All genders","Not applicable","Percent","0"
"Holy See","1994","All genders","Not applicable","Percent","0"
"Holy See","1993","All genders","Not applicable","Percent","0"
"Holy See","1992","All genders","Not applicable","Percent","0"
"Holy See","1991","All genders","Not applicable","Percent","0"
"Holy See","1990","All genders","Not applicable","Percent","0"
"Holy See","1989","All genders","Not applicable","Percent","0"
"Holy See","1988","All genders","Not applicable","Percent","0"
"Holy See","1987","All genders","Not applicable","Percent","0"
"Holy See","1986","All genders","Not applicable","Percent","0"
"Holy See","1985","All genders","Not applicable","Percent","0"
"Holy See","1984","All genders","Not applicable","Percent","0"
"Holy See","1983","All genders","Not applicable","Percent","0"
"Holy See","1982","All genders","Not applicable","Percent","0"
"Holy See","1981","All genders","Not applicable","Percent","0"
"Holy See","1980","All genders","Not applicable","Percent","0"
"Holy See","1979","All genders","Not applicable","Percent","0"
"Holy See","1978","All genders","Not applicable","Percent","0"
"Holy See","1977","All genders","Not applicable","Percent","0"
"Holy See","1976","All genders","Not applicable","Percent","0"
"Holy See","1975","All genders","Not applicable","Percent","0"
"Honduras","2014","All genders","Not applicable","Percent","0"
"Honduras","2013","All genders","Not applicable","Percent","0"
"Honduras","2012","All genders","Not applicable","Percent","0"
"Honduras","2010","All genders","Not applicable","Percent","0"
"Hong Kong Special Administrative Region of China","2014","All genders","Not applicable","Percent","4.1717"
"Hong Kong Special Administrative Region of China","2013","All genders","Not applicable","Percent","4.09767"
"Hong Kong Special Administrative Region of China","2012","All genders","Not applicable","Percent","3.2575"
"Hong Kong Special Administrative Region of China","2011","All genders","Not applicable","Percent","3.28058"
"Hong Kong Special Administrative Region of China","2010","All genders","Not applicable","Percent","3.23939"
"Hong Kong Special Administrative Region of China","2009","All genders","Not applicable","Percent","3.02591"
"Hong Kong Special Administrative Region of China","2008","All genders","Not applicable","Percent","2.92988"
"Hong Kong Special Administrative Region of China","2007","All genders","Not applicable","Percent","3.01536"
"Hong Kong Special Administrative Region of China","2006","All genders","Not applicable","Percent","3.53924"
"Hong Kong Special Administrative Region of China","2005","All genders","Not applicable","Percent","3.62432"
"Hong Kong Special Administrative Region of China","2004","All genders","Not applicable","Percent","3.7195"
"Hungary","2011","All genders","Not applicable","Percent","2.40139"
"Hungary","2010","All genders","Not applicable","Percent","2.07333"
"Hungary","2009","All genders","Not applicable","Percent","2.77878"
"Hungary","2008","All genders","Not applicable","Percent","2.70555"
"Hungary","2007","All genders","Not applicable","Percent","2.51788"
"Hungary","2006","All genders","Not applicable","Percent","2.56555"
"Hungary","2005","All genders","Not applicable","Percent","2.73381"
"Hungary","2004","All genders","Not applicable","Percent","3.86681"
"Hungary","2002","All genders","Not applicable","Percent","3.86792"
"Hungary","2001","All genders","Not applicable","Percent","3.45849"
"Hungary","1999","All genders","Not applicable","Percent","3.11973"
"Hungary","1998","All genders","Not applicable","Percent","2.52753"
"Iceland","2011","All genders","Not applicable","Percent","0"
"Iceland","2010","All genders","Not applicable","Percent","0"
"Iceland","2009","All genders","Not applicable","Percent","0"
"Iceland","2008","All genders","Not applicable","Percent","0"
"Iceland","2007","All genders","Not applicable","Percent","0"
"Iceland","2006","All genders","Not applicable","Percent","0"
"Iceland","2005","All genders","Not applicable","Percent","0"
"Iceland","2004","All genders","Not applicable","Percent","0.22807"
"Iceland","2003","All genders","Not applicable","Percent","0.25278"
"Iceland","2002","All genders","Not applicable","Percent","0.42634"
"Iceland","2001","All genders","Not applicable","Percent","0.24144"
"Iceland","2000","All genders","Not applicable","Percent","0.24639"
"Iceland","1999","All genders","Not applicable","Percent","0.22145"
"Indonesia","2014","All genders","Not applicable","Percent","0"
"Indonesia","2013","All genders","Not applicable","Percent","0"
"Indonesia","2012","All genders","Not applicable","Percent","0"
"Indonesia","2011","All genders","Not applicable","Percent","0"
"Indonesia","2010","All genders","Not applicable","Percent","0"
"Indonesia","2009","All genders","Not applicable","Percent","0"
"Indonesia","2008","All genders","Not applicable","Percent","0"
"Indonesia","2007","All genders","Not applicable","Percent","0"
"Iran, Islamic Republic of","2014","All genders","Not applicable","Percent","5.34239"
"Iran, Islamic Republic of","2013","All genders","Not applicable","Percent","5.5821"
"Iran, Islamic Republic of","2012","All genders","Not applicable","Percent","4.28985"
"Iran, Islamic Republic of","2011","All genders","Not applicable","Percent","4.57829"
"Iran, Islamic Republic of","2010","All genders","Not applicable","Percent","3.48347"
"Iran, Islamic Republic of","2009","All genders","Not applicable","Percent","1.92616"
"Iran, Islamic Republic of","2008","All genders","Not applicable","Percent","1.15693"
"Iran, Islamic Republic of","2007","All genders","Not applicable","Percent","1.26752"
"Iran, Islamic Republic of","2006","All genders","Not applicable","Percent","2.13057"
"Iran, Islamic Republic of","2005","All genders","Not applicable","Percent","2.42321"
"Iran, Islamic Republic of","2004","All genders","Not applicable","Percent","1.88832"
"Iran, Islamic Republic of","2003","All genders","Not applicable","Percent","1.89282"
"Iran, Islamic Republic of","2002","All genders","Not applicable","Percent","2.38708"
"Iran, Islamic Republic of","2001","All genders","Not applicable","Percent","2.33683"
"Ireland","2012","All genders","Not applicable","Percent","6.58921"
"Ireland","2011","All genders","Not applicable","Percent","7.10673"
"Ireland","2010","All genders","Not applicable","Percent","7.3842"
"Ireland","2009","All genders","Not applicable","Percent","6.19778"
"Ireland","2008","All genders","Not applicable","Percent","6.17531"
"Ireland","2007","All genders","Not applicable","Percent","7.54077"
"Ireland","2006","All genders","Not applicable","Percent","7.54955"
"Ireland","2005","All genders","Not applicable","Percent","8.38112"
"Ireland","2004","All genders","Not applicable","Percent","7.79894"
"Ireland","2003","All genders","Not applicable","Percent","4.09385"
"Ireland","2002","All genders","Not applicable","Percent","3.9863"
"Ireland","2001","All genders","Not applicable","Percent","3.81739"
"Ireland","2000","All genders","Not applicable","Percent","3.4965"
"Ireland","1999","All genders","Not applicable","Percent","3.30428"
"Ireland","1998","All genders","Not applicable","Percent","3.11883"
"Israel","2013","All genders","Not applicable","Percent","0.12941"
"Israel","2012","All genders","Not applicable","Percent","0"
"Israel","2011","All genders","Not applicable","Percent","0.1838"
"Israel","2010","All genders","Not applicable","Percent","0.1755"
"Israel","2009","All genders","Not applicable","Percent","0.55785"
"Israel","2008","All genders","Not applicable","Percent","0.20456"
"Israel","2007","All genders","Not applicable","Percent","0.23797"
"Israel","2006","All genders","Not applicable","Percent","0.21917"
"Israel","2005","All genders","Not applicable","Percent","0.25328"
"Israel","2004","All genders","Not applicable","Percent","0.26629"
"Israel","2003","All genders","Not applicable","Percent","0.28848"
"Israel","2002","All genders","Not applicable","Percent","0.36036"
"Israel","2001","All genders","Not applicable","Percent","0.2967"
"Israel","1999","All genders","Not applicable","Percent","0.31357"
"Italy","2011","All genders","Not applicable","Percent","2.41211"
"Italy","2010","All genders","Not applicable","Percent","2.57193"
"Italy","2009","All genders","Not applicable","Percent","2.88399"
"Italy","2008","All genders","Not applicable","Percent","1.00681"
"Italy","2007","All genders","Not applicable","Percent","1.11743"
"Italy","2006","All genders","Not applicable","Percent","1.02264"
"Italy","2005","All genders","Not applicable","Percent","1.21226"
"Italy","2004","All genders","Not applicable","Percent","1.26238"
"Italy","2002","All genders","Not applicable","Percent","0.95141"
"Italy","2001","All genders","Not applicable","Percent","0.99107"
"Italy","2000","All genders","Not applicable","Percent","0.94962"
"Italy","1999","All genders","Not applicable","Percent","0.94962"
"Italy","1998","All genders","Not applicable","Percent","1.24772"
"Jamaica","2014","All genders","Not applicable","Percent","11.05252"
"Jamaica","2013","All genders","Not applicable","Percent","3.02147"
"Jamaica","2012","All genders","Not applicable","Percent","2.78008"
"Jamaica","2011","All genders","Not applicable","Percent","1.50638"
"Jamaica","2009","All genders","Not applicable","Percent","1.32231"
"Jamaica","2008","All genders","Not applicable","Percent","4.3846"
"Jamaica","2007","All genders","Not applicable","Percent","1.13328"
"Jamaica","2005","All genders","Not applicable","Percent","0.89766"
"Jamaica","2004","All genders","Not applicable","Percent","1.07576"
"Jamaica","2003","All genders","Not applicable","Percent","0.27362"
"Jordan","2011","All genders","Not applicable","Percent","0"
"Jordan","2009","All genders","Not applicable","Percent","0"
"Jordan","2008","All genders","Not applicable","Percent","0"
"Jordan","2007","All genders","Not applicable","Percent","0"
"Jordan","2006","All genders","Not applicable","Percent","0"
"Jordan","2005","All genders","Not applicable","Percent","0"
"Jordan","2003","All genders","Not applicable","Percent","0"
"Jordan","2002","All genders","Not applicable","Percent","0"
"Jordan","2001","All genders","Not applicable","Percent","0"
"Jordan","1999","All genders","Not applicable","Percent","0"
"Jordan","1998","All genders","Not applicable","Percent","0"
"Kazakhstan","2014","All genders","Not applicable","Percent","0"
"Kenya","2006","All genders","Not applicable","Percent","3.75961"
"Kenya","2004","All genders","Not applicable","Percent","0"
"Kenya","2003","All genders","Not applicable","Percent","1.93591"
"Kenya","2001","All genders","Not applicable","Percent","0.09679"
"Kenya","2000","All genders","Not applicable","Percent","2.30864"
"Kenya","1999","All genders","Not applicable","Percent","2.49362"
"Kuwait","2006","All genders","Not applicable","Percent","0"
"Kuwait","2005","All genders","Not applicable","Percent","0"
"Kuwait","2004","All genders","Not applicable","Percent","0"
"Kuwait","2002","All genders","Not applicable","Percent","0"
"Kyrgyzstan","2013","All genders","Not applicable","Percent","7.7772"
"Kyrgyzstan","2012","All genders","Not applicable","Percent","7.58841"
"Kyrgyzstan","2010","All genders","Not applicable","Percent","8.71388"
"Kyrgyzstan","2009","All genders","Not applicable","Percent","9.10008"
"Kyrgyzstan","2008","All genders","Not applicable","Percent","7.75261"
"Kyrgyzstan","2007","All genders","Not applicable","Percent","6.41518"
"Kyrgyzstan","2006","All genders","Not applicable","Percent","9.11118"
"Kyrgyzstan","2005","All genders","Not applicable","Percent","9.74568"
"Kyrgyzstan","2004","All genders","Not applicable","Percent","0"
"Kyrgyzstan","2003","All genders","Not applicable","Percent","0"
"Kyrgyzstan","2002","All genders","Not applicable","Percent","0"
"Lao People's Democratic Republic","2002","All genders","Not applicable","Percent","3.29559"
"Lao People's Democratic Republic","2001","All genders","Not applicable","Percent","6.91443"
"Lao People's Democratic Republic","2000","All genders","Not applicable","Percent","2.1054"
"Lebanon","2013","All genders","Not applicable","Percent","0"
"Lebanon","2012","All genders","Not applicable","Percent","0"
"Lebanon","2011","All genders","Not applicable","Percent","0"
"Lebanon","2010","All genders","Not applicable","Percent","0"
"Lebanon","2009","All genders","Not applicable","Percent","0"
"Lebanon","2008","All genders","Not applicable","Percent","0"
"Lebanon","2007","All genders","Not applicable","Percent","0"
"Lebanon","2006","All genders","Not applicable","Percent","0"
"Lebanon","2005","All genders","Not applicable","Percent","0"
"Lebanon","2004","All genders","Not applicable","Percent","0"
"Lebanon","2002","All genders","Not applicable","Percent","0"
"Lesotho","2008","All genders","Not applicable","Percent","5.21955"
"Lesotho","2006","All genders","Not applicable","Percent","2.24137"
"Lesotho","2005","All genders","Not applicable","Percent","2.1818"
"Lesotho","2001","All genders","Not applicable","Percent","3.94595"
"Lesotho","2000","All genders","Not applicable","Percent","6.95531"
"Lesotho","1999","All genders","Not applicable","Percent","5.91696"
"Libyan Arab Jamahiriya","1999","All genders","Not applicable","Percent","9.41928"
"Liechtenstein","2011","All genders","Not applicable","Percent","1.50936"
"Liechtenstein","2008","All genders","Not applicable","Percent","1.29986"
"Liechtenstein","2007","All genders","Not applicable","Percent","0.74062"
"Liechtenstein","2006","All genders","Not applicable","Percent","0.56369"
"Lithuania","2012","All genders","Not applicable","Percent","2.90768"
"Lithuania","2011","All genders","Not applicable","Percent","2.17981"
"Lithuania","2010","All genders","Not applicable","Percent","1.93862"
"Lithuania","2009","All genders","Not applicable","Percent","1.51146"
"Lithuania","2008","All genders","Not applicable","Percent","1.33402"
"Lithuania","2007","All genders","Not applicable","Percent","1.42134"
"Lithuania","2006","All genders","Not applicable","Percent","1.42881"
"Lithuania","2005","All genders","Not applicable","Percent","1.44152"
"Lithuania","2004","All genders","Not applicable","Percent","1.37675"
"Lithuania","2002","All genders","Not applicable","Percent","1.20842"
"Macao Special Administrative Region of China","2013","All genders","Not applicable","Percent","0"
"Macao Special Administrative Region of China","2012","All genders","Not applicable","Percent","0"
"Macao Special Administrative Region of China","2011","All genders","Not applicable","Percent","0"
"Macao Special Administrative Region of China","2010","All genders","Not applicable","Percent","0"
"Macao Special Administrative Region of China","2009","All genders","Not applicable","Percent","0"
"Macao Special Administrative Region of China","2008","All genders","Not applicable","Percent","0"
"Macao Special Administrative Region of China","2007","All genders","Not applicable","Percent","0"
"Macao Special Administrative Region of China","2006","All genders","Not applicable","Percent","0"
"Macao Special Administrative Region of China","2005","All genders","Not applicable","Percent","0"
"Macao Special Administrative Region of China","2004","All genders","Not applicable","Percent","0"
"Macao Special Administrative Region of China","2003","All genders","Not applicable","Percent","0"
"Macao Special Administrative Region of China","2002","All genders","Not applicable","Percent","0"
"Madagascar","2012","All genders","Not applicable","Percent","3.2095"
"Madagascar","2011","All genders","Not applicable","Percent","2.98905"
"Madagascar","2009","All genders","Not applicable","Percent","2.67827"
"Madagascar","2008","All genders","Not applicable","Percent","2.94518"
"Madagascar","2007","All genders","Not applicable","Percent","2.44108"
"Madagascar","1998","All genders","Not applicable","Percent","0.61526"
"Malawi","2014","All genders","Not applicable","Percent","0.3831"
"Malawi","2011","All genders","Not applicable","Percent","1.30113"
"Malawi","2010","All genders","Not applicable","Percent","1.16137"
"Malawi","2001","All genders","Not applicable","Percent","1.81463"
"Malawi","2000","All genders","Not applicable","Percent","1.24819"
"Malawi","1999","All genders","Not applicable","Percent","1.67286"
"Malaysia","2009","All genders","Not applicable","Percent","3.18732"
"Malaysia","2006","All genders","Not applicable","Percent","3.65078"
"Malaysia","2004","All genders","Not applicable","Percent","0.81014"
"Malaysia","2003","All genders","Not applicable","Percent","0.63166"
"Malaysia","2002","All genders","Not applicable","Percent","0.77814"
"Malaysia","2001","All genders","Not applicable","Percent","0.84724"
"Malaysia","2000","All genders","Not applicable","Percent","0.78987"
"Maldives","2012","All genders","Not applicable","Percent","0"
"Maldives","2011","All genders","Not applicable","Percent","0"
"Maldives","2008","All genders","Not applicable","Percent","0"
"Mali","2014","All genders","Not applicable","Percent","0.89484"
"Mali","2013","All genders","Not applicable","Percent","1.02507"
"Mali","2012","All genders","Not applicable","Percent","1.10717"
"Mali","2011","All genders","Not applicable","Percent","0"
"Mali","2010","All genders","Not applicable","Percent","0"
"Mali","2009","All genders","Not applicable","Percent","0"
"Mali","2008","All genders","Not applicable","Percent","0"
"Malta","2012","All genders","Not applicable","Percent","1.47126"
"Malta","2011","All genders","Not applicable","Percent","1.51789"
"Malta","2010","All genders","Not applicable","Percent","2.6485"
"Malta","2009","All genders","Not applicable","Percent","1.82581"
"Malta","2008","All genders","Not applicable","Percent","0.50682"
"Malta","2007","All genders","Not applicable","Percent","0.44401"
"Malta","2004","All genders","Not applicable","Percent","0"
"Malta","2002","All genders","Not applicable","Percent","0.46516"
"Malta","1998","All genders","Not applicable","Percent","0"
"Marshall Islands","2002","All genders","Not applicable","Percent","0.95108"
"Mauritania","2011","All genders","Not applicable","Percent","1.6224"
"Mauritania","2008","All genders","Not applicable","Percent","0"
"Mauritania","1999","All genders","Not applicable","Percent","0"
"Mauritius","2014","All genders","Not applicable","Percent","2.67559"
"Mauritius","2013","All genders","Not applicable","Percent","3.43475"
"Mauritius","2012","All genders","Not applicable","Percent","3.61859"
"Mauritius","2011","All genders","Not applicable","Percent","3.81834"
"Mauritius","2010","All genders","Not applicable","Percent","4.28106"
"Mauritius","2006","All genders","Not applicable","Percent","4.72924"
"Mauritius","2005","All genders","Not applicable","Percent","1.99226"
"Mauritius","2004","All genders","Not applicable","Percent","1.93872"
"Mauritius","2003","All genders","Not applicable","Percent","1.8124"
"Mexico","2011","All genders","Not applicable","Percent","0"
"Mexico","2010","All genders","Not applicable","Percent","0"
"Mexico","2009","All genders","Not applicable","Percent","0"
"Mexico","2008","All genders","Not applicable","Percent","0"
"Mexico","2007","All genders","Not applicable","Percent","0"
"Mexico","2006","All genders","Not applicable","Percent","0"
"Mexico","2005","All genders","Not applicable","Percent","0"
"Mexico","2004","All genders","Not applicable","Percent","0"
"Mexico","2003","All genders","Not applicable","Percent","0"
"Mexico","2002","All genders","Not applicable","Percent","0"
"Moldova","2014","All genders","Not applicable","Percent","0.28694"
"Moldova","2012","All genders","Not applicable","Percent","0.36873"
"Moldova","2011","All genders","Not applicable","Percent","0.44846"
"Moldova","2010","All genders","Not applicable","Percent","0.45828"
"Moldova","2009","All genders","Not applicable","Percent","0.41734"
"Moldova","2008","All genders","Not applicable","Percent","0.40091"
"Moldova","2007","All genders","Not applicable","Percent","0"
"Moldova","2006","All genders","Not applicable","Percent","0"
"Monaco","2014","All genders","Not applicable","Percent","0"
"Monaco","2011","All genders","Not applicable","Percent","0"
"Monaco","2010","All genders","Not applicable","Percent","0"
"Monaco","2009","All genders","Not applicable","Percent","0"
"Monaco","2004","All genders","Not applicable","Percent","0"
"Monaco","2000","All genders","Not applicable","Percent","0"
"Monaco","1999","All genders","Not applicable","Percent","0"
"Mongolia","2011","All genders","Not applicable","Percent","8.14496"
"Mongolia","2010","All genders","Not applicable","Percent","11.29801"
"Mongolia","2004","All genders","Not applicable","Percent","5.43732"
"Mongolia","2002","All genders","Not applicable","Percent","4.49213"
"Morocco","2011","All genders","Not applicable","Percent","0"
"Morocco","2010","All genders","Not applicable","Percent","0"
"Morocco","1999","All genders","Not applicable","Percent","0.67884"
"Mozambique","2013","All genders","Not applicable","Percent","0"
"Mozambique","2012","All genders","Not applicable","Percent","0"
"Mozambique","2006","All genders","Not applicable","Percent","0"
"Namibia","2001","All genders","Not applicable","Percent","1.78547"
"Namibia","2000","All genders","Not applicable","Percent","1.78547"
"Namibia","1999","All genders","Not applicable","Percent","1.88126"
"Nepal","2014","All genders","Not applicable","Percent","0"
"Nepal","2009","All genders","Not applicable","Percent","0"
"Nepal","2008","All genders","Not applicable","Percent","0"
"Nepal","2003","All genders","Not applicable","Percent","0"
"Nepal","2002","All genders","Not applicable","Percent","0"
"Nepal","2001","All genders","Not applicable","Percent","0"
"Nepal","2000","All genders","Not applicable","Percent","0"
"Nepal","1999","All genders","Not applicable","Percent","0"
"Netherlands","2013","All genders","Not applicable","Percent","0.01863"
"Netherlands","2012","All genders","Not applicable","Percent","0.03708"
"New Zealand","2014","All genders","Not applicable","Percent","2.53619"
"New Zealand","2012","All genders","Not applicable","Percent","2.83897"
"New Zealand","2011","All genders","Not applicable","Percent","3.12052"
"New Zealand","2010","All genders","Not applicable","Percent","3.629"
"New Zealand","2009","All genders","Not applicable","Percent","3.71554"
"New Zealand","2008","All genders","Not applicable","Percent","3.83739"
"New Zealand","2007","All genders","Not applicable","Percent","3.19102"
"New Zealand","2006","All genders","Not applicable","Percent","3.09142"
"New Zealand","2005","All genders","Not applicable","Percent","3.65323"
"New Zealand","2004","All genders","Not applicable","Percent","4.09928"
"New Zealand","2003","All genders","Not applicable","Percent","4.326"
"New Zealand","2002","All genders","Not applicable","Percent","3.82724"
"New Zealand","2001","All genders","Not applicable","Percent","2.78657"
"New Zealand","1999","All genders","Not applicable","Percent","0.5897"
"Nicaragua","2010","All genders","Not applicable","Percent","9.14522"
"Nicaragua","2006","All genders","Not applicable","Percent","0"
"Nicaragua","2005","All genders","Not applicable","Percent","0"
"Nicaragua","2004","All genders","Not applicable","Percent","0"
"Niger","2014","All genders","Not applicable","Percent","0.27814"
"Niger","2013","All genders","Not applicable","Percent","0.2629"
"Niger","2007","All genders","Not applicable","Percent","0"
"Niger","2006","All genders","Not applicable","Percent","0"
"Norway","2010","All genders","Not applicable","Percent","0"
"Norway","2009","All genders","Not applicable","Percent","0"
"Norway","2008","All genders","Not applicable","Percent","0"
"Norway","2007","All genders","Not applicable","Percent","0"
"Norway","2006","All genders","Not applicable","Percent","0"
"Norway","2005","All genders","Not applicable","Percent","0"
"Norway","2004","All genders","Not applicable","Percent","0"
"Norway","2003","All genders","Not applicable","Percent","0"
"Norway","2002","All genders","Not applicable","Percent","0"
"Norway","2001","All genders","Not applicable","Percent","0"
"Norway","1998","All genders","Not applicable","Percent","0.1525"
"Oman","2009","All genders","Not applicable","Percent","0"
"Oman","2008","All genders","Not applicable","Percent","0"
"Oman","2005","All genders","Not applicable","Percent","0"
"Oman","2004","All genders","Not applicable","Percent","0"
"Oman","2002","All genders","Not applicable","Percent","0"
"Oman","2001","All genders","Not applicable","Percent","0"
"Oman","1999","All genders","Not applicable","Percent","0"
"Oman","1998","All genders","Not applicable","Percent","0"
"Panama","2011","All genders","Not applicable","Percent","0.08252"
"Panama","2001","All genders","Not applicable","Percent","0.11504"
"Panama","1999","All genders","Not applicable","Percent","0"
"Paraguay","2012","All genders","Not applicable","Percent","0"
"Paraguay","2011","All genders","Not applicable","Percent","0"
"Paraguay","2010","All genders","Not applicable","Percent","0"
"Paraguay","2007","All genders","Not applicable","Percent","0"
"Paraguay","2004","All genders","Not applicable","Percent","0"
"Paraguay","2003","All genders","Not applicable","Percent","0"
"Paraguay","2002","All genders","Not applicable","Percent","0"
"Peru","2014","All genders","Not applicable","Percent","0"
"Peru","2013","All genders","Not applicable","Percent","0"
"Peru","2012","All genders","Not applicable","Percent","0"
"Peru","2011","All genders","Not applicable","Percent","0.07144"
"Peru","2010","All genders","Not applicable","Percent","0.07376"
"Peru","2009","All genders","Not applicable","Percent","0.07198"
"Peru","2008","All genders","Not applicable","Percent","0.05476"
"Peru","2007","All genders","Not applicable","Percent","0.0773"
"Peru","2006","All genders","Not applicable","Percent","0.07456"
"Peru","2005","All genders","Not applicable","Percent","0.07687"
"Peru","2004","All genders","Not applicable","Percent","0.05514"
"Peru","2003","All genders","Not applicable","Percent","0.05829"
"Peru","2002","All genders","Not applicable","Percent","0.21102"
"Peru","2001","All genders","Not applicable","Percent","0"
"Philippines","2009","All genders","Not applicable","Percent","1.67717"
"Philippines","2008","All genders","Not applicable","Percent","1.67837"
"Philippines","2007","All genders","Not applicable","Percent","1.21586"
"Philippines","2005","All genders","Not applicable","Percent","1.5164"
"Philippines","2004","All genders","Not applicable","Percent","1.62797"
"Philippines","2003","All genders","Not applicable","Percent","1.62969"
"Philippines","2002","All genders","Not applicable","Percent","1.9572"
"Philippines","2001","All genders","Not applicable","Percent","1.87281"
"Philippines","2000","All genders","Not applicable","Percent","1.88324"
"Poland","2012","All genders","Not applicable","Percent","0.73546"
"Poland","2011","All genders","Not applicable","Percent","0.87668"
"Poland","2010","All genders","Not applicable","Percent","0.64623"
"Poland","2009","All genders","Not applicable","Percent","0.78854"
"Poland","2008","All genders","Not applicable","Percent","0.78915"
"Poland","2007","All genders","Not applicable","Percent","0.84567"
"Poland","2006","All genders","Not applicable","Percent","0.83654"
"Poland","2005","All genders","Not applicable","Percent","0.75055"
"Poland","2004","All genders","Not applicable","Percent","0.80482"
"Poland","2003","All genders","Not applicable","Percent","0.87962"
"Poland","2002","All genders","Not applicable","Percent","0.9787"
"Poland","1999","All genders","Not applicable","Percent","0"
"Portugal","2009","All genders","Not applicable","Percent","0"
"Portugal","2008","All genders","Not applicable","Percent","0"
"Portugal","2007","All genders","Not applicable","Percent","0"
"Portugal","2006","All genders","Not applicable","Percent","0"
"Portugal","2005","All genders","Not applicable","Percent","0"
"Portugal","2004","All genders","Not applicable","Percent","0"
"Portugal","2003","All genders","Not applicable","Percent","0"
"Portugal","2002","All genders","Not applicable","Percent","0"
"Portugal","2001","All genders","Not applicable","Percent","0"
"Portugal","1999","All genders","Not applicable","Percent","0"
"Qatar","2009","All genders","Not applicable","Percent","0"
"Qatar","2005","All genders","Not applicable","Percent","0"
"Republic of Korea","2013","All genders","Not applicable","Percent","0"
"Republic of Korea","2012","All genders","Not applicable","Percent","0"
"Republic of Korea","2009","All genders","Not applicable","Percent","0"
"Republic of Korea","2008","All genders","Not applicable","Percent","0"
"Republic of Korea","2007","All genders","Not applicable","Percent","0"
"Republic of Korea","2006","All genders","Not applicable","Percent","0"
"Republic of Korea","2005","All genders","Not applicable","Percent","0"
"Republic of Korea","2004","All genders","Not applicable","Percent","0"
"Republic of Korea","2003","All genders","Not applicable","Percent","0"
"Republic of Korea","2002","All genders","Not applicable","Percent","0"
"Republic of Korea","1999","All genders","Not applicable","Percent","0"
"Romania","2012","All genders","Not applicable","Percent","0.73603"
"Romania","2011","All genders","Not applicable","Percent","0.68885"
"Romania","2010","All genders","Not applicable","Percent","0.64927"
"Romania","2009","All genders","Not applicable","Percent","0.49395"
"Romania","2007","All genders","Not applicable","Percent","0.46814"
"Romania","2005","All genders","Not applicable","Percent","0.14339"
"Romania","2004","All genders","Not applicable","Percent","0.16807"
"Romania","2003","All genders","Not applicable","Percent","0.18809"
"Romania","2002","All genders","Not applicable","Percent","0.25041"
"Romania","2001","All genders","Not applicable","Percent","0.0634"
"Rwanda","2013","All genders","Not applicable","Percent","3.64041"
"Rwanda","2012","All genders","Not applicable","Percent","4.49533"
"Rwanda","2011","All genders","Not applicable","Percent","6.78195"
"Rwanda","2010","All genders","Not applicable","Percent","5.63427"
"Rwanda","2008","All genders","Not applicable","Percent","1.88029"
"Rwanda","2007","All genders","Not applicable","Percent","0"
"Saint Lucia","2004","All genders","Not applicable","Percent","12.86859"
"Saint Vincent and the Grenadines","2005","All genders","Not applicable","Percent","6.28052"
"Saint Vincent and the Grenadines","2002","All genders","Not applicable","Percent","3.68317"
"Saint Vincent and the Grenadines","2000","All genders","Not applicable","Percent","5.33816"
"Samoa","2000","All genders","Not applicable","Percent","0.16773"
"Samoa","1999","All genders","Not applicable","Percent","0.06416"
"San Marino","2011","All genders","Not applicable","Percent","0"
"San Marino","2010","All genders","Not applicable","Percent","0"
"Sao Tome and Principe","2014","All genders","Not applicable","Percent","0"
"Sao Tome and Principe","2013","All genders","Not applicable","Percent","0"
"Sao Tome and Principe","2012","All genders","Not applicable","Percent","0"
"Senegal","2010","All genders","Not applicable","Percent","0"
"Senegal","2009","All genders","Not applicable","Percent","0"
"Senegal","2005","All genders","Not applicable","Percent","0"
"Serbia","2012","All genders","Not applicable","Percent","0"
"Serbia","2011","All genders","Not applicable","Percent","0"
"Serbia","2010","All genders","Not applicable","Percent","0"
"Serbia","2009","All genders","Not applicable","Percent","0"
"Serbia","2008","All genders","Not applicable","Percent","0"
"Serbia","2007","All genders","Not applicable","Percent","0"
"Seychelles","2006","All genders","Not applicable","Percent","12.68548"
"Seychelles","2003","All genders","Not applicable","Percent","11.83913"
"Seychelles","2002","All genders","Not applicable","Percent","13.79082"
"Seychelles","1998","All genders","Not applicable","Percent","11.85816"
"Sierra Leone","2013","All genders","Not applicable","Percent","2.94004"
"Sierra Leone","2011","All genders","Not applicable","Percent","3.13448"
"Sierra Leone","2010","All genders","Not applicable","Percent","3.17322"
"Sierra Leone","2009","All genders","Not applicable","Percent","2.96944"
"Sierra Leone","2008","All genders","Not applicable","Percent","4.04915"
"Sierra Leone","2007","All genders","Not applicable","Percent","4.36196"
"Singapore","2013","All genders","Not applicable","Percent","7.47008"
"Singapore","2012","All genders","Not applicable","Percent","6.96839"
"Singapore","2011","All genders","Not applicable","Percent","7.6625"
"Singapore","2010","All genders","Not applicable","Percent","7.46307"
"Singapore","2009","All genders","Not applicable","Percent","8.3478"
"Singapore","2008","All genders","Not applicable","Percent","8.31371"
"Slovakia","2013","All genders","Not applicable","Percent","1.2695"
"Slovakia","2011","All genders","Not applicable","Percent","0"
"Slovakia","2010","All genders","Not applicable","Percent","0"
"Slovakia","2009","All genders","Not applicable","Percent","0"
"Slovakia","2008","All genders","Not applicable","Percent","0"
"Slovakia","2007","All genders","Not applicable","Percent","0"
"Slovakia","2006","All genders","Not applicable","Percent","0"
"Slovakia","2005","All genders","Not applicable","Percent","0"
"Slovakia","2004","All genders","Not applicable","Percent","0"
"Slovakia","2003","All genders","Not applicable","Percent","0"
"Slovakia","2002","All genders","Not applicable","Percent","0"
"Slovakia","2001","All genders","Not applicable","Percent","0"
"Slovakia","2000","All genders","Not applicable","Percent","0"
"Slovakia","1999","All genders","Not applicable","Percent","0"
"Slovenia","2011","All genders","Not applicable","Percent","0"
"Slovenia","2010","All genders","Not applicable","Percent","0"
"Slovenia","2009","All genders","Not applicable","Percent","0"
"Slovenia","2008","All genders","Not applicable","Percent","0"
"Slovenia","2007","All genders","Not applicable","Percent","0"
"Slovenia","2006","All genders","Not applicable","Percent","0"
"Slovenia","2005","All genders","Not applicable","Percent","0"
"Slovenia","2004","All genders","Not applicable","Percent","0"
"South Africa","2012","All genders","Not applicable","Percent","0.98102"
"South Africa","2011","All genders","Not applicable","Percent","0.75689"
"South Africa","2009","All genders","Not applicable","Percent","2.44823"
"South Africa","2008","All genders","Not applicable","Percent","2.40411"
"South Africa","2007","All genders","Not applicable","Percent","2.21124"
"South Africa","2006","All genders","Not applicable","Percent","1.79766"
"South Africa","2003","All genders","Not applicable","Percent","0"
"South Africa","2000","All genders","Not applicable","Percent","0"
"South Africa","1999","All genders","Not applicable","Percent","0"
"Spain","2011","All genders","Not applicable","Percent","0"
"Spain","2010","All genders","Not applicable","Percent","0"
"Spain","2009","All genders","Not applicable","Percent","0"
"Spain","2008","All genders","Not applicable","Percent","0"
"Spain","2007","All genders","Not applicable","Percent","0"
"Spain","2006","All genders","Not applicable","Percent","0"
"Spain","2005","All genders","Not applicable","Percent","0"
"Spain","2004","All genders","Not applicable","Percent","0"
"Spain","2003","All genders","Not applicable","Percent","0"
"Spain","2001","All genders","Not applicable","Percent","0"
"Spain","2000","All genders","Not applicable","Percent","0"
"Spain","1999","All genders","Not applicable","Percent","0"
"Spain","1998","All genders","Not applicable","Percent","0"
"Sri Lanka","2013","All genders","Not applicable","Percent","3.61741"
"Sri Lanka","2012","All genders","Not applicable","Percent","3.6828"
"Sri Lanka","2011","All genders","Not applicable","Percent","3.29135"
"Sri Lanka","2010","All genders","Not applicable","Percent","3.40419"
"Sri Lanka","2009","All genders","Not applicable","Percent","3.73453"
"Swaziland","2011","All genders","Not applicable","Percent","0.52391"
"Swaziland","2008","All genders","Not applicable","Percent","2.41947"
"Swaziland","2004","All genders","Not applicable","Percent","1.84986"
"Swaziland","2003","All genders","Not applicable","Percent","1.9689"
"Swaziland","2000","All genders","Not applicable","Percent","0"
"Sweden","2013","All genders","Not applicable","Percent","0.59668"
"Sweden","2012","All genders","Not applicable","Percent","0.61937"
"Sweden","2011","All genders","Not applicable","Percent","0.76199"
"Sweden","2010","All genders","Not applicable","Percent","0.94162"
"Sweden","2009","All genders","Not applicable","Percent","1.09746"
"Sweden","2008","All genders","Not applicable","Percent","0.6562"
"Sweden","2007","All genders","Not applicable","Percent","0.58514"
"Sweden","2006","All genders","Not applicable","Percent","0.57248"
"Sweden","2005","All genders","Not applicable","Percent","0.22338"
"Sweden","2004","All genders","Not applicable","Percent","0.27575"
"Switzerland","2011","All genders","Not applicable","Percent","0"
"Switzerland","2007","All genders","Not applicable","Percent","0.59102"
"Switzerland","2006","All genders","Not applicable","Percent","1.11449"
"Switzerland","2005","All genders","Not applicable","Percent","1.12247"
"Switzerland","2004","All genders","Not applicable","Percent","1.10805"
"Switzerland","2003","All genders","Not applicable","Percent","1.13022"
"Switzerland","2002","All genders","Not applicable","Percent","1.14367"
"Switzerland","2001","All genders","Not applicable","Percent","0.89229"
"Switzerland","1999","All genders","Not applicable","Percent","1.03312"
"Switzerland","1998","All genders","Not applicable","Percent","1.00092"
"Syrian Arab Republic","2007","All genders","Not applicable","Percent","0"
"Tajikistan","2011","All genders","Not applicable","Percent","3.36934"
"Tajikistan","2005","All genders","Not applicable","Percent","4.25281"
"Tajikistan","2004","All genders","Not applicable","Percent","2.72063"
"Tajikistan","2003","All genders","Not applicable","Percent","2.7564"
"Tajikistan","2002","All genders","Not applicable","Percent","2.47718"
"Thailand","2005","All genders","Not applicable","Percent","0"
"Thailand","2004","All genders","Not applicable","Percent","0"
"Thailand","2001","All genders","Not applicable","Percent","0"
"Timor-Leste","2014","All genders","Not applicable","Percent","0"
"Timor-Leste","2013","All genders","Not applicable","Percent","0"
"Timor-Leste","2012","All genders","Not applicable","Percent","0"
"Timor-Leste","2011","All genders","Not applicable","Percent","0"
"Timor-Leste","2010","All genders","Not applicable","Percent","0"
"Togo","2014","All genders","Not applicable","Percent","0.42393"
"Togo","2013","All genders","Not applicable","Percent","0.28262"
"Togo","2012","All genders","Not applicable","Percent","0.3744"
"Togo","2011","All genders","Not applicable","Percent","0.06895"
"Togo","2010","All genders","Not applicable","Percent","0.06437"
"Togo","2009","All genders","Not applicable","Percent","0"
"Togo","2008","All genders","Not applicable","Percent","0"
"Togo","2007","All genders","Not applicable","Percent","0"
"Togo","2000","All genders","Not applicable","Percent","0"
"Togo","1999","All genders","Not applicable","Percent","0"
"Togo","1998","All genders","Not applicable","Percent","0"
"Tonga","2002","All genders","Not applicable","Percent","7.69559"
"Tunisia","2010","All genders","Not applicable","Percent","0"
"Tunisia","2009","All genders","Not applicable","Percent","0"
"Tunisia","2008","All genders","Not applicable","Percent","0"
"Tunisia","2007","All genders","Not applicable","Percent","0"
"Tunisia","2006","All genders","Not applicable","Percent","0"
"Tunisia","2005","All genders","Not applicable","Percent","0"
"Tunisia","2004","All genders","Not applicable","Percent","0"
"Tunisia","2003","All genders","Not applicable","Percent","0"
"Tunisia","2002","All genders","Not applicable","Percent","0"
"Tunisia","2000","All genders","Not applicable","Percent","0"
"Turkey","2011","All genders","Not applicable","Percent","0"
"Turkey","2006","All genders","Not applicable","Percent","0"
"Turkey","2004","All genders","Not applicable","Percent","0"
"Turkey","2003","All genders","Not applicable","Percent","0"
"Turkey","2002","All genders","Not applicable","Percent","0"
"Turkey","2001","All genders","Not applicable","Percent","0"
"Turkey","1999","All genders","Not applicable","Percent","0"
"Turks and Caicos Islands","2015","All genders","Not applicable","Percent","0"
"Turks and Caicos Islands","2014","All genders","Not applicable","Percent","0"
"Turks and Caicos Islands","2005","All genders","Not applicable","Percent","16.68375"
"Turks and Caicos Islands","2003","All genders","Not applicable","Percent","8.06189"
"Turks and Caicos Islands","2002","All genders","Not applicable","Percent","5.54472"
"Turks and Caicos Islands","2001","All genders","Not applicable","Percent","6.65446"
"Turks and Caicos Islands","2000","All genders","Not applicable","Percent","7.43354"
"Uganda","2013","All genders","Not applicable","Percent","0"
"Uganda","2012","All genders","Not applicable","Percent","5.21131"
"Uganda","2011","All genders","Not applicable","Percent","3.61478"
"Uganda","2010","All genders","Not applicable","Percent","3.40023"
"Uganda","2009","All genders","Not applicable","Percent","3.50616"
"Uganda","2004","All genders","Not applicable","Percent","4.00148"
"United Arab Emirates","2013","All genders","Not applicable","Percent","0"
"United Arab Emirates","2012","All genders","Not applicable","Percent","0"
"United Arab Emirates","2011","All genders","Not applicable","Percent","0"
"United Arab Emirates","1998","All genders","Not applicable","Percent","0"
"United Kingdom of Great Britain and Northern Ireland","2013","All genders","Not applicable","Percent","0"
"United Kingdom of Great Britain and Northern Ireland","2011","All genders","Not applicable","Percent","0"
"United Kingdom of Great Britain and Northern Ireland","2010","All genders","Not applicable","Percent","0"
"United Kingdom of Great Britain and Northern Ireland","2009","All genders","Not applicable","Percent","0.18517"
"United Kingdom of Great Britain and Northern Ireland","2008","All genders","Not applicable","Percent","0.19858"
"United Kingdom of Great Britain and Northern Ireland","2007","All genders","Not applicable","Percent","0.24513"
"United Kingdom of Great Britain and Northern Ireland","2006","All genders","Not applicable","Percent","0"
"United Kingdom of Great Britain and Northern Ireland","2005","All genders","Not applicable","Percent","0"
"United Republic of Tanzania","2009","All genders","Not applicable","Percent","3.22875"
"United Republic of Tanzania","2008","All genders","Not applicable","Percent","2.99522"
"United Republic of Tanzania","2007","All genders","Not applicable","Percent","2.76072"
"United Republic of Tanzania","2006","All genders","Not applicable","Percent","3.22387"
"United Republic of Tanzania","2005","All genders","Not applicable","Percent","3.68734"
"United Republic of Tanzania","2004","All genders","Not applicable","Percent","4.15137"
"United States of America","2011","All genders","Not applicable","Percent","0"
"Uruguay","2011","All genders","Not applicable","Percent","0"
"Uruguay","2006","All genders","Not applicable","Percent","0"
"Uruguay","2005","All genders","Not applicable","Percent","0"
"Uruguay","2004","All genders","Not applicable","Percent","0"
"Uruguay","2000","All genders","Not applicable","Percent","0"
"Vanuatu","2008","All genders","Not applicable","Percent","2.20044"
"Vanuatu","2001","All genders","Not applicable","Percent","0.00502"
"Vanuatu","2000","All genders","Not applicable","Percent","0.00457"
"Vanuatu","1999","All genders","Not applicable","Percent","1.12137"
"Venezuela (Bolivarian Republic of)","2009","All genders","Not applicable","Percent","0"
"Venezuela (Bolivarian Republic of)","2007","All genders","Not applicable","Percent","0"
"Venezuela (Bolivarian Republic of)","2006","All genders","Not applicable","Percent","0"
"Viet Nam","2010","All genders","Not applicable","Percent","4.84585"
"Yemen","2013","All genders","Not applicable","Percent","0"
"Yemen","2008","All genders","Not applicable","Percent","0"
"Zambia","2007","All genders","Not applicable","Percent","0"
"Zambia","2005","All genders","Not applicable","Percent","0"
"Zambia","2004","All genders","Not applicable","Percent","0"
"Zimbabwe","2010","All genders","Not applicable","Percent","0"

